{"flutter":{"platforms":{"android":{"default":{"projectId":"biwah-bandhan-af0f6","appId":"1:676027575040:android:a29b70a79417f6840ae1e5","fileOutput":"android/app/google-services.json"}},"dart":{"lib/firebase_options.dart":{"projectId":"biwah-bandhan-af0f6","configurations":{"android":"1:676027575040:android:a29b70a79417f6840ae1e5","ios":"1:676027575040:ios:93badc06696f48e90ae1e5","macos":"1:676027575040:ios:93badc06696f48e90ae1e5","web":"1:676027575040:web:6d0928b96be79deb0ae1e5","windows":"1:676027575040:web:c5ab33004b00d0e00ae1e5"}}}}}}